"id","name","inves","ret","color"
1,"二化螟","鳞翅目","L1","#000000"
2,"稻纵卷叶螟","鳞翅目","L2","#00005f"
3,"黄纹银草螟","鳞翅目","L3","#000087"
4,"黄杨绢野螟","鳞翅目","L4","#0000af"
5,"褚翅叉环野螟","鳞翅目","L5","#0000d7"
6,"白蜡绢须野螟","鳞翅目","L6","#0000ff"
7,"橄绿歧角螟","鳞翅目","L7","#005f00"
8,"黑纹歧角螟","鳞翅目","L8","#005f5f"
9,"大螟","鳞翅目","L9","#005f87"
10,"银纹夜蛾","鳞翅目","L10","#005faf"
11,"劳氏粘虫","鳞翅目","L11","#005fd7"
12,"陌夜蛾","鳞翅目","L12","#005fff"
13,"温杉冬夜蛾","鳞翅目","L13","#008700"
14,"间纹德夜蛾","鳞翅目","L14","#00875f"
15,"朽木夜蛾","鳞翅目","L15","#008787"
16,"灰歹夜蛾","鳞翅目","L16","#0087af"
17,"小地老虎","鳞翅目","L17","#0087d7"
18,"白斑烦夜蛾","鳞翅目","L18","#0087ff"
19,"茶色狭翅夜蛾","鳞翅目","L19","#00af00"
20,"鸟嘴壶夜蛾","鳞翅目","L20","#00af5f"
21,"苎麻夜蛾","鳞翅目","L21","#00af87"
22,"绿尾大蚕蛾","鳞翅目","L22","#00afaf"
23,"丝棉木金星尺蛾","鳞翅目","L23","#00afd7"
24,"雪尾尺蛾","鳞翅目","L24","#00afff"
25,"斑雅尺蛾","鳞翅目","L25","#00d700"
26,"红天蛾","鳞翅目","L26","#00d75f"
27,"构月天蛾","鳞翅目","L27","#00d787"
28,"雀纹天蛾","鳞翅目","L28","#00d7af"
29,"甘薯天蛾","鳞翅目","L29","#00d7d7"
30,"红六点天蛾","鳞翅目","L30","#00d7ff"
31,"丁香天蛾","鳞翅目","L31","#00ff00"
32,"霜天蛾","鳞翅目","L32","#00ff5f"
33,"葡萄缺角天蛾","鳞翅目","L33","#00ff87"
34,"人纹污灯蛾","鳞翅目","L34","#00ffaf"
35,"八点灰灯蛾","鳞翅目","L35","#00ffd7"
36,"之美苔蛾","鳞翅目","L36","#00ffff"
37,"优美苔蛾","鳞翅目","L37","#5f0000"
38,"大丽灯蛾","鳞翅目","L38","#5f005f"
39,"重阳木锦斑蛾","鳞翅目","L39","#5f0087"
40,"玉米螟","鳞翅目","L40","#5f00af"
41,"桃蛀螟","鳞翅目","L41","#5f00d7"
42,"瓜绢野螟","鳞翅目","L42","#5f00ff"
43,"甜菜白带野螟","鳞翅目","L43","#5f5f00"
44,"豆荚螟","鳞翅目","L44","#5f5f5f"
45,"黄金镰翅野螟","鳞翅目","L45","#5f5f87"
46,"稻螟蛉","鳞翅目","L46","#5f5faf"
47,"斜纹夜蛾","鳞翅目","L47","#5f5fd7"
48,"南方锞夜蛾","鳞翅目","L48","#5f5fff"
49,"粉纹夜蛾","鳞翅目","L49","#5f8700"
50,"白条夜蛾","鳞翅目","L50","#5f875f"
51,"粘虫","鳞翅目","L51","#5f8787"
52,"钻夜蛾","鳞翅目","L52","#5f87af"
53,"粉纹钻夜蛾","鳞翅目","L53","#5f87d7"
54,"玫瑰巾夜蛾","鳞翅目","L54","#5f87ff"
55,"臭椿皮蛾","鳞翅目","L55","#5faf00"
56,"畸夜蛾","鳞翅目","L56","#5faf5f"
57,"流夜蛾","鳞翅目","L57","#5faf87"
58,"委夜蛾","鳞翅目","L58","#5fafaf"
59,"棉铃虫","鳞翅目","L59","#5fafd7"
60,"烟青虫","鳞翅目","L60","#5fafff"
61,"银杏珠天蚕蛾","鳞翅目","L61","#5fd700"
62,"棕线燕蛾","鳞翅目","L62","#5fd75f"
63,"猫眼尺蛾","鳞翅目","L63","#5fd787"
64,"三角璃尺蛾","鳞翅目","L64","#5fd7af"
65,"小豆长喙天蛾","鳞翅目","L65","#5fd7d7"
66,"九节木长喙天蛾","鳞翅目","L66","#5fd7ff"
67,"大星天蛾","鳞翅目","L67","#5fff00"
68,"枣桃六点天蛾","鳞翅目","L68","#5fff5f"
69,"枣核鹰翅天蛾","鳞翅目","L69","#5fff87"
70,"土色苔蛾","鳞翅目","L70","#5fffaf"
71,"代步土苔蛾","鳞翅目","L71","#5fffd7"
72,"黄土苔蛾","鳞翅目","L72","#5fffff"
73,"缘点苔蛾","鳞翅目","L73","#870000"
74,"曲苔蛾","鳞翅目","L74","#87005f"
75,"戟盗毒蛾","鳞翅目","L75","#870087"
76,"黄毒蛾","鳞翅目","L76","#8700af"
77,"榆掌舟蛾","鳞翅目","L77","#8700d7"
78,"核桃美舟蛾","鳞翅目","L78","#8700ff"
79,"杨二尾舟蛾","鳞翅目","L79","#875f00"
80,"咖啡木蠹蛾","鳞翅目","L80","#875f5f"
81,"三化螟","鳞翅目","L81","#875f87"
82,"稻巢草螟","鳞翅目","L82","#875faf"
83,"台湾稻螟","鳞翅目","L83","#875fd7"
84,"八字地老虎","鳞翅目","L84","#875fff"
85,"黄地老虎","鳞翅目","L85","#878700"
86,"草地贪夜蛾","鳞翅目","L86","#87875f"
87,"二点委夜蛾","鳞翅目","L87","#878787"
88,"地老虎","鳞翅目","L88","#8787af"
89,"豆野螟","鳞翅目","L89","#8787d7"
90,"草地螟","鳞翅目","L90","#8787ff"
91,"豆荚斑螟","鳞翅目","L91","#87af00"
92,"尖锥额野螟","鳞翅目","L92","#87af5f"
93,"甜菜夜蛾","鳞翅目","L93","#ff0000"
94,"黑条灰灯蛾","鳞翅目","L94","#87afaf"
95,"豆毒蛾","鳞翅目","L95","#87afd7"
96,"瘦银锭夜蛾","鳞翅目","L96","#87afff"
97,"甘蓝夜蛾","鳞翅目","L97","#87d700"
98,"棉大卷叶螟","鳞翅目","L98","#87d75f"
99,"大造桥虫","鳞翅目","L99","#87d787"
100,"谐夜蛾","鳞翅目","L100","#87d7af"
101,"甘薯麦蛾","鳞翅目","L101","#87d7d7"
102,"旋歧夜蛾","鳞翅目","L102","#87d7ff"
103,"亚麻篱灯蛾","鳞翅目","L103","#87ff00"
104,"小菜蛾","鳞翅目","L104","#87ff5f"
105,"宽胫夜蛾","鳞翅目","L105","#87ff87"
106,"涓夜蛾","鳞翅目","L106","#87ffaf"
107,"麦牧野螟","鳞翅目","L107","#87ffd7"
108,"早熟禾拟茎草螟","鳞翅目","L108","#87ffff"
109,"干纹冬夜蛾","鳞翅目","L109","#af0000"
110,"歧角螟","鳞翅目","L110","#af005f"
111,"石蛾","鳞翅目","L111","#af0087"
112,"线委夜蛾","鳞翅目","L112","#af00af"
113,"白肾俚夜蛾","鳞翅目","L113","#af00d7"
114,"标瑙夜蛾","鳞翅目","L114","#af00ff"
115,"乏夜蛾","鳞翅目","L115","#af5f00"
116,"紫条尺蛾","鳞翅目","L116","#af5f5f"
117,"水螟科","鳞翅目","L117","#af5f87"
118,"虚俚夜蛾","鳞翅目","L118","#af5faf"
119,"白点暗野螟","鳞翅目","L119","#af5fd7"
120,"灯蛾科","鳞翅目","L120","#af5fff"
121,"绿刺蛾","鳞翅目","L121","#af8700"
122,"褛裳夜蛾","鳞翅目","L122","#af875f"
123,"扁刺蛾","鳞翅目","L123","#af8787"
124,"榆黄足毒蛾","鳞翅目","L124","#af87af"
125,"杨扇舟蛾","鳞翅目","L125","#af87d7"
126,"杨小舟蛾","鳞翅目","L126","#af87ff"
127,"黄翅缀叶野螟","鳞翅目","L127","#afaf00"
128,"细条纹野螟","鳞翅目","L128","#afaf5f"
129,"旱柳原野螟","鳞翅目","L129","#afaf87"
130,"杨雪毒蛾","鳞翅目","L130","#afafaf"
131,"盗毒蛾","鳞翅目","L131","#afafd7"
132,"榆绿天蛾","鳞翅目","L132","#afafff"
133,"春尺蠖","鳞翅目","L133","#afd700"
134,"楸蠹野螟","鳞翅目","L134","#afd75f"
135,"桑螟","鳞翅目","L135","#afd787"
136,"美国白蛾","鳞翅目","L136","#afd7af"
137,"红云翅斑螟","鳞翅目","L137","#afd7d7"
138,"榆白边舟蛾","鳞翅目","L138","#afd7ff"
139,"竹大黄野螟","鳞翅目","L139","#afff00"
140,"金黄镰翅野螟","鳞翅目","L140","#afff5f"
141,"竹螟","鳞翅目","L141","#afff87"
142,"松毛虫属","鳞翅目","L142","#afffaf"
143,"卷叶蛾科","鳞翅目","L143","#afffd7"
144,"青尺蛾","鳞翅目","L144","#afffff"
145,"黄毒蛾属","鳞翅目","L145","#d70000"
146,"鹿蛾","鳞翅目","L146","#d7005f"
147,"白毒蛾属","鳞翅目","L147","#d70087"
148,"槐尺蛾","鳞翅目","L148","#d700af"
149,"四斑绢野螟","鳞翅目","L149","#d700d7"
150,"中带三角夜蛾","鳞翅目","L150","#d700ff"
151,"美苔蛾属","鳞翅目","L151","#d75f00"
152,"苔蛾科","鳞翅目","L152","#d75f5f"
153,"黑纹黄灯蛾","鳞翅目","L153","#d75f87"
154,"草雪苔蛾","鳞翅目","L154","#d75faf"
155,"姬尺蛾","鳞翅目","L155","#d75fd7"
156,"钻夜蛾属","鳞翅目","L156","#d75fff"
157,"桑绢野螟","鳞翅目","L157","#d78700"
158,"瓜绢螟","鳞翅目","L158","#d7875f"
159,"东方粘虫","鳞翅目","L159","#d78787"
160,"警纹地老虎","鳞翅目","L160","#d787af"
161,"梨小食心虫","鳞翅目","L161","#d787d7"
162,"黄字地老虎","鳞翅目","L162","#d787ff"
163,"异美苔蛾","鳞翅目","L163","#d7af00"
164,"豆天蛾","鳞翅目","L164","#d7af5f"
165,"灰土苔蛾","鳞翅目","L165","#d7af87"
166,"顶斑内弧尺蛾","鳞翅目","L166","#d7afaf"
167,"豆卷叶螟","鳞翅目","L167","#d7afd7"
168,"四点土苔蛾","鳞翅目","L168","#d7afff"
169,"红缘灯蛾","鳞翅目","L169","#d7d700"
170,"掌夜蛾","鳞翅目","L170","#d7d75f"
171,"青翅蚁形隐翅甲","鞘翅目","Q1","#d7d787"
172,"瓢甲类","鞘翅目","Q2","#d7d7af"
173,"荧叶甲","鞘翅目","Q3","#d7d7d7"
174,"龙虱科","鞘翅目","Q4","#d7d7ff"
175,"黑绒鳃金龟","鞘翅目","Q5","#d7ff00"
176,"暗黑鳃金龟","鞘翅目","Q6","#d7ff5f"
177,"铜绿丽金龟","鞘翅目","Q7","#d7ff87"
178,"二叉犀金龟","鞘翅目","Q8","#d7ffaf"
179,"天牛科","鞘翅目","Q9","#d7ffd7"
180,"青步甲","鞘翅目","Q10","#d7ffff"
181,"大黑鳃金龟","鞘翅目","Q11","#ff0000"
182,"金龟科","鞘翅目","Q12","#ff005f"
184,"隐翅虫科","鞘翅目","Q14","#ff00af"
185,"褐角庶尺蛾","鞘翅目","Q15","#ff00d7"
186,"埋葬甲","鞘翅目","Q16","#ff00ff"
187,"灰胸突鳃金龟","鞘翅目","Q17","#ff5f00"
188,"叩甲科","鞘翅目","Q18","#ff5f5f"
189,"蝼蛄","直翅目","Z1","#ff5f87"
190,"蝗虫","直翅目","Z2","#ff5faf"
191,"蟋蟀","直翅目","Z3","#ff5fd7"
192,"突背斑红蝽","半翅目","B1","#ff5fff"
193,"黑环土蝽","半翅目","B2","#ff8700"
194,"黄足猎蝽","半翅目","B3","#ff875f"
195,"褐飞虱属","半翅目","B4","#d70000"
196,"白背飞虱","半翅目","B5","#ff87af"
197,"灰飞虱","半翅目","B6","#5f00ff"
198,"双斑痕叶蝉","半翅目","B7","#ff87ff"
199,"茶翅蝽","半翅目","B8","#ffaf00"
200,"稻绿蝽","半翅目","B9","#ffaf5f"
201,"大鳖土蝽","半翅目","B10","#ffaf87"
202,"稻棘缘蝽","半翅目","B11","#ffafaf"
203,"黑尾叶蝉","半翅目","B12","#000000"
204,"电光叶蝉","半翅目","B13","#ff9300"
205,"绿盲蝽","半翅目","B14","#ffd700"
206,"珀蝽","半翅目","B15","#ffd75f"
207,"柳蓝叶甲","半翅目","B16","#ffd787"
208,"突背斑红蝽","半翅目","B17","#ffd7af"
209,"小绿叶蝉","半翅目","B18","#ffd7d7"
210,"稻黑蝽","半翅目","B19","#ffd7ff"
211,"草蛉","脉翅目","M1","#ffff00"
228,"负子蝽","半翅目","B20","#ffff5f"
229,"寄生蜂类","膜翅目","MO1","#ffff87"
230,"中金翅夜蛾","鞘翅目","Q19","#ffffaf"
231,"泛尺蛾","鳞翅目","L171","#ffffd7"
232,"暗纹切叶野螟","鳞翅目","L172","#ffffff"
233,"虎甲科","鞘翅目","Q20","#000000"
234,"白沟小卷蛾","鳞翅目","L173","#00005f"
235,"条逮步甲","鞘翅目","Q21","#000087"
236,"灰白条小卷蛾","鳞翅目","L174","#0000af"
237,"榛花翅小卷蛾","鳞翅目","L175","#0000d7"
238,"红颜秀腰尺蛾","鳞翅目","L176","#0000ff"
239,"芋单线天蛾","鳞翅目","L177","#005f00"
240,"隐翅甲类","鞘翅目","Q22","#005f5f"
241,"红脊胸牙甲","鞘翅目","Q23","#005f87"
242,"狼夜蛾","鳞翅目","L178","#005faf"
243,"中金弧夜蛾","鳞翅目","L179","#005fd7"
244,"黄刺蛾","鳞翅目","L180","#005fff"
245,"道纹夜蛾","鳞翅目","L181","#008700"
246,"稻象甲","鞘翅目","Q24","#00875f"
247,"东亚小花蝽","半翅目","B21","#008787"
248,"黄翅大白蚁","半翅目","B22","#0087af"
249,"叶蝉科","半翅目","B23","#0087d7"
250,"胡蜂科","膜翅目","MO2","#0087ff"
251,"螽斯科","直翅目","Z4","#00af00"
252,"蜻蜓","蜻蜓目","QT1","#00af5f"
253,"松村大马蝉","半翅目","B24","#00af87"
254,"慈螋","革翅目","GE1","#00afaf"
255,"樟颈曼盲蝽","半翅目","B25","#00afd7"
256,"粉蝶灯蛾","鳞翅目","L182","#00afff"
257,"鳃金龟亚科","鞘翅目","Q25","#00d700"
258,"蓑蛾科","鳞翅目","L183","#00d75f"
259,"蝽科","半翅目","B26","#00d787"
260,"山竹缘蝽","半翅目","B27","#00d7af"
261,"直翅目","直翅目","Z5","#00d7d7"
262,"长鼻蜡蝉","半翅目","B28","#00d7ff"
263,"蝉科","半翅目","S1","#00ff00"
264,"蜉蝣","蜉蝣目","FY1","#00ff5f"
265,"澳洲大蠊","蜚蠊目","FL1","#00ff87"
266,"印度谷螟","鳞翅目","L184","#00ffaf"
267,"天蛾科","鳞翅目","L185","#00ffd7"
268,"黄后夜蛾","鳞翅目","L186","#00ffff"
269,"巨黄美苔蛾","鳞翅目","L187","#5f0000"
270,"卷蛾科","鳞翅目","L188","#5f005f"
271,"艳刺蛾","鳞翅目","L189","#5f0087"
272,"夜蛾科","鳞翅目","L353","#5f00af"
273,"黑点贪夜蛾","鳞翅目","L190","#5f00d7"
274,"鳞翅目","鳞翅目","L191","#5f00ff"
275,"漆尾夜蛾","鳞翅目","L192","#5f5f00"
276,"螟蛾科","鳞翅目","L193","#5f5f5f"
277,"毒蛾科","鳞翅目","L194","#5f5f87"
279,"葡萄透翅蛾","鳞翅目","L196","#5f5fd7"
280,"小筒水螟","鳞翅目","L197","#5f5fff"
282,"衣蛾","鳞翅目","L199","#5f875f"
283,"豆髯须夜蛾","鳞翅目","L200","#5f8787"
284,"毛穿孔尺蛾","鳞翅目","L201","#5f87af"
285,"黑点蚀叶野螟","鳞翅目","L202","#5f87d7"
286,"川灰长翅卷蛾","鳞翅目","L203","#5f87ff"
287,"吉安氏簑水螟","鳞翅目","L204","#5faf00"
288,"舟蛾科","鳞翅目","L205","#5faf5f"
289,"海绿尺蛾","鳞翅目","L206","#5faf87"
290,"樟翠尺蛾","鳞翅目","L207","#5fafaf"
291,"基褐绿刺蛾","鳞翅目","L208","#5fafd7"
292,"巨艳青尺蛾","鳞翅目","L209","#5fafff"
293,"苜蓿巢螟","鳞翅目","L210","#5fd700"
294,"毛翅目","毛翅目","MAO1","#5fd75f"
295,"泥蜂科","膜翅目","MO3","#5fd787"
296,"细足捷蚁","膜翅目","MO4","#5fd7af"
297,"黑泥蜂","膜翅目","MO5","#5fd7d7"
298,"叶甲科","鞘翅目","Q26","#5fd7ff"
299,"无霸大蚊","双翅目","S2","#5fff00"
300,"银纹长角石蛾","毛翅目","MAO2","#5fff5f"
301,"埃氏通缘步甲","鞘翅目","Q27","#5fff87"
302,"黄脚胡蜂","膜翅目","MO6","#5fffaf"
303,"东方蜜蜂","膜翅目","MO7","#5fffd7"
304,"柯氏素菌瓢虫","鞘翅目","Q28","#5fffff"
305,"高山天牛","鞘翅目","Q29","#870000"
306,"葬甲科","鞘翅目","Q30","#87005f"
307,"锐宽突龙虱","鞘翅目","Q31","#870087"
309,"奇裂跗步甲","鞘翅目","Q33","#8700d7"
310,"麦穗斑步甲","鞘翅目","Q34","#8700ff"
311,"奥氏弩萤","鞘翅目","Q35","#875f00"
312,"药材甲","鞘翅目","Q36","#875f5f"
313,"蓝弗叶甲","鞘翅目","Q37","#875f87"
314,"四斑尖角伪瓢虫","鞘翅目","Q38","#875faf"
315,"黄缘龙虱","鞘翅目","Q39","#875fd7"
316,"梳爪叩甲属","鞘翅目","Q40","#875fff"
317,"隆线梭腹牙甲","鞘翅目","Q41","#878700"
318,"绿缘扁角叶甲","鞘翅目","Q42","#87875f"
319,"象甲科","鞘翅目","Q43","#878787"
320,"蠼螋科","革翅目","GE2","#8787af"
321,"鞘翅目","鞘翅目","Q44","#8787d7"
322,"稻蓟马","缨翅目","Y1","#8787ff"
323,"六刺素猎蝽","半翅目","B29","#87af00"
324,"网目拟地甲","鞘翅目","Q45","#87af5f"
325,"萤科","鞘翅目","Q46","#87af87"
326,"凹跗青步甲","鞘翅目","Q47","#87afaf"
327,"中华婪步甲","鞘翅目","Q48","#87afd7"
328,"隆线异土甲","鞘翅目","Q49","#87afff"
329,"云纹虎甲","鞘翅目","Q50","#87d700"
330,"八星粉天牛","鞘翅目","Q51","#87d75f"
331,"镜面虎甲","鞘翅目","Q52","#87d787"
332,"镇江细腹食虫虻","双翅目","S3","#87d7af"
333,"大蚊科","双翅目","S4","#87d7d7"
334,"眼蕈蚊科","双翅目","S5","#87d7ff"
335,"园蛛属","蜘蛛目","ZZ1","#87ff00"
336,"蝇科","双翅目","S6","#87ff5f"
337,"长绿飞虱","半翅目","B30","#87ff87"
338,"派罗飞虱属","半翅目","B31","#87ffaf"
339,"飞虱科","半翅目","B32","#87ffd7"
340,"粗鬃驼舞虻","双翅目","S7","#87ffff"
341,"巢蛾科","鳞翅目","L211","#af0000"
342,"卫矛巢蛾","鳞翅目","L212","#af005f"
343,"舞毒蛾","鳞翅目","L213","#af0087"
344,"朽木甲科","鞘翅目","Q53","#af00af"
346,"蓼飞虱","半翅目","B34","#af00ff"
347,"广狭啮","啮虫目","N1","#af5f00"
348,"白条飞虱","半翅目","B35","#af5f5f"
349,"深色长头飞虱","半翅目","B36","#af5f87"
350,"玉米花翅飞虱","半翅目","B37","#af5faf"
351,"白脊飞虱","半翅目","B38","#af5fd7"
352,"长蝽科","半翅目","B39","#af5fff"
353,"牧草盲蝽","半翅目","B40","#af8700"
354,"烟翅白背飞虱","半翅目","B41","#af875f"
355,"锥头叶蝉属","半翅目","B42","#af8787"
356,"大青叶蝉","半翅目","B43","#af87af"
357,"姬缘蝽科","半翅目","B44","#af87d7"
358,"丽草蛉","脉翅目","M2","#af87ff"
359,"草螟科","鳞翅目","L214","#afaf00"
360,"齿螟蛾","鳞翅目","L215","#afaf5f"
361,"粘夜蛾属","鳞翅目","L216","#afaf87"
362,"白斑陌夜蛾","鳞翅目","L217","#afafaf"
363,"流夜蛾属","鳞翅目","L218","#afafd7"
364,"杉温冬夜蛾","鳞翅目","L219","#afafff"
365,"艳夜蛾属","鳞翅目","L220","#afd700"
366,"曲粘夜蛾","鳞翅目","L221","#afd75f"
367,"粉斑赤金尺蛾","鳞翅目","L222","#afd787"
369,"线天蛾属","鳞翅目","L224","#afd7d7"
371,"优美葩苔蛾","鳞翅目","L226","#afff00"
372,"广鹿蛾","鳞翅目","L227","#afff5f"
373,"亚洲玉米螟","鳞翅目","L228","#afff87"
374,"豆荚野螟","鳞翅目","L229","#afffaf"
375,"裂缘野螟","鳞翅目","L330","#afffd7"
376,"后夜蛾","鳞翅目","L331","#afffff"
377,"升麻裳夜蛾","鳞翅目","L332","#d70000"
378,"棉铃夜蛾","鳞翅目","L333","#d7005f"
379,"烟草夜蛾","鳞翅目","L334","#d70087"
380,"白背斑蠹蛾","鳞翅目","L335","#d700af"
381,"点夜蛾属","鳞翅目","L336","#d700d7"
382,"苹果蠹蛾","鳞翅目","L337","#d700ff"
383,"华小卷蛾属","鳞翅目","L338","#d75f00"
384,"干纹夜蛾","鳞翅目","L339","#d75f5f"
385,"标俚夜蛾","鳞翅目","L340","#d75f87"
386,"灰直纹螟","鳞翅目","L341","#d75faf"
387,"灰巢螟","鳞翅目","L342","#d75fd7"
388,"稻暗水螟","鳞翅目","L343","#d75fff"
389,"黄星雪灯蛾","鳞翅目","L344","#d78700"
390,"薄纱毒蛾","鳞翅目","L345","#d7875f"
391,"疆夜蛾","鳞翅目","L346","#d78787"
392,"日本通草蛉","脉翅目","M4","#d787af"
393,"瓢虫科","鞘翅目","Q54","#d787d7"
394,"马铃薯瓢虫","鞘翅目","Q55","#d787ff"
395,"垫甲属","鞘翅目","Q56","#d7af00"
396,"眼斑沟芫菁","鞘翅目","Q57","#d7af5f"
397,"华武粪金龟","鞘翅目","Q58","#d7af87"
398,"白星花金龟","鞘翅目","Q59","#d7afaf"
400,"大绿异丽金龟","鞘翅目","Q61","#d7afff"
401,"扁莱步甲","鞘翅目","Q62","#d7d700"
402,"木色玛绢金龟","鞘翅目","Q63","#d7d75f"
403,"筛胸梳爪叩甲","鞘翅目","Q64","#d7d787"
404,"莱氏猛叩甲","鞘翅目","Q65","#d7d7af"
405,"窄肾长须夜蛾","鳞翅目","L347","#d7d7d7"
406,"蚊科","双翅目","S8","#d7d7ff"
407,"茶毛虫细颚姬蜂","膜翅目","MO8","#d7ff00"
408,"钩努褐蛉","脉翅目","M3","#d7ff5f"
409,"中华地鳖","蜚蠊目","FL2","#d7ff87"
410,"中华曲苔蛾","鳞翅目","L348","#d7ffaf"
411,"灰斑豆天蛾","鳞翅目","L349","#d7ffd7"
412,"黑长喙天蛾","鳞翅目","L350","#d7ffff"
413,"栗六点天蛾","鳞翅目","L351","#ff0000"
414,"尺蛾科","鳞翅目","L352","#ff005f"
415,"沼泽大蚊","双翅目","S9","#ff0087"
416,"短额负蝗","直翅目","Z6","#ff00af"
417,"三眼新草螽","直翅目","Z7","#ff00d7"
418,"线刺蛾属","鳞翅目","L354","#000000"
419,"蜂巢螟","鳞翅目","L355","#000000"
420,"大地老虎","鳞翅目","L356","#002aff"
421,"中华晓扁犀金龟","鞘翅目","Q66","#000000"
422,"步甲科","鞘翅目","Q67","#000000"
423,"独角仙","鞘翅目","Q68","#000000"
424,"花胫绿纹蝗","直翅目","Z8","#000000"
425,"叶展须野螟","鳞翅目","L357","#000000"
426,"小造桥虫","鳞翅目","L358","#000000"
427,"闪光玫灯蛾","鳞翅目","L359","#ff33a5"
428,"格庶尺蛾","鳞翅目","L360","#000000"
429,"灰双线刺蛾","鳞翅目","L361","#000000"
430,"白杨缀叶野螟","鳞翅目","L362","#000000"
431,"波纹蛾","鳞翅目","L363","#ff0000"
432,"泥污灯蛾","鳞翅目","L364","#007bff"
433,"环夜蛾","鳞翅目","L365","#2bff00"
434,"胡麻斑红灯蛾","鳞翅目","L366","#21555f"
435,"鹰夜蛾","鳞翅目","L367","#000000"
436,"青背斜纹天蛾","鳞翅目","L368","#000000"
437,"枣奕刺蛾","鳞翅目","L369","#006eff"
461,"天蛾科-废弃","鳞翅目","L370","#dd3131"
463,"锥飞虱亚科","半翅目","B46","#afd700"
464,"粒脉蜡蝉科","半翅目","B47","#afd75f"
465,"花翅飞虱属","半翅目","B48","#afd787"
466,"楝白小叶蝉","半翅目","B49","#afd7d7"
467,"凹缘菱纹叶蝉","半翅目","B50","#afff00"
468,"十紫二叉叶蝉","半翅目","B51","#ff5fd7"
469,"丽中带飞虱","半翅目","B52","#ff5fff"
470,"黑边梅塔飞虱","半翅目","B53","#ff8700"
471,"稻绿缘蝽属","半翅目","B54","#afd700"
472,"小蜡绢须野螟","鳞翅目","L371","#afd75f"
473,"朝尺蛾","鳞翅目","L372","#afd787"
474,"波斜带尺蛾","鳞翅目","L373","#afd7d7"
475,"落叶松毛虫","鳞翅目","L374","#afff00"
476,"黑斑始夜蛾","鳞翅目","L375","#ff5fd7"
477,"双斑青步甲","鞘翅目","Q69","#ff5fff"
478,"黑尾六角步甲","鞘翅目","Q70","#ff8700"
479,"丝绵木金星尺蛾","鳞翅目","L376","#000000"
480,"铜丽绿金龟-废弃","鞘翅目","Q71","#b02727"
481,"蚱蜢","直翅目","Z9","#000000"
482,"白翅叶蝉","半翅目","B55","#00005f"
483,"稻水象甲","鞘翅目","Q73","#000087"
485,"顶捎卷叶蛾","鳞翅目","L377","#0000af"
486,"柳杉长卷蛾","鳞翅目","L378","#0000d7"
487,"刚竹毒蛾","鳞翅目","L379","#0000ff"
488,"竹舟蛾","鳞翅目","L380","#005f00"
489,"稠李枯叶蛾","鳞翅目","L381","#005f5f"
490,"薄翅天牛","鞘翅目","Q74","#005f87"
491,"银灰翅刺蛾","鳞翅目","L382","#005faf"
492,"刺蛾科","鳞翅目","L383","#005fd7"
493,"银灰带刺蛾","鳞翅目","L384","#005fff"
494,"星雪灯蛾属","鳞翅目","L385","#008700"
495,"金星尺蛾属","鳞翅目","L386","#00875f"
496,"黄缘苔蛾","鳞翅目","L387","#008787"
497,"草螟蛾","鳞翅目","L388","#0087af"
498,"白螟","鳞翅目","L389","#0087d7"
499,"缘黄毒蛾","鳞翅目","L390","#0087ff"
500,"太平粉翠夜蛾","鳞翅目","L391","#00af00"
501,"草潜蛾","鳞翅目","L392","#00af5f"
502,"日月明夜蛾","鳞翅目","L393","#00af87"
504,"朝线夜蛾","鳞翅目","L394","#00afaf"
505,"多斑豹蠹蛾","鳞翅目","L395","#00afd7"
506,"茶须野螟","鳞翅目","L396","#00afff"
507,"白翅黑点灯蛾","鳞翅目","L397","#00d700"
508,"连斑水螟","鳞翅目","L398","#00d75f"
509,"蕨夜蛾","鳞翅目","L399","#00d787"
510,"竹黄枯叶蛾","鳞翅目","L400","#00d7af"
511,"稻苞虫","鳞翅目","L401","#00d7d7"
512,"斜纹天蛾","鳞翅目","L402","#00d7ff"
513,"萝藦艳青尺蛾","鳞翅目","L403","#00ff00"
514,"肖浑黄灯蛾","鳞翅目","L404","#00ff5f"
515,"斑蛾","鳞翅目","L405","#00ff87"
516,"构树绢野螟蛾","鳞翅目","L406","#00ffaf"
517,"大斑波纹蛾","鳞翅目","L407","#00ffd7"
518,"黄黑纹野螟","鳞翅目","L408","#00ffff"
519,"涟纷舟蛾","鳞翅目","L409","#5f0000"
520,"青黄枯叶蛾","鳞翅目","L410","#5f005f"
521,"梨刺蛾","鳞翅目","L411","#5f0087"
522,"八字褐刺蛾","鳞翅目","L412","#5f00af"
524,"黄星步行虫","鞘翅目","Q75","#5f00d7"
525,"屁步甲","鞘翅目","Q76","#5f00ff"
527,"黄胸丽步甲","鞘翅目","Q77","#5f5f00"
528,"黄星斑天牛","鞘翅目","Q78","#5f5f5f"
529,"四斑露尾甲","鞘翅目","Q79","#5f5f87"
530,"蝼步甲","鞘翅目","Q80","#5f5faf"
531,"土蝽","半翅目","B56","#5f5fd7"
532,"圆纹广翅蜡蝉","半翅目","B57","#5f5fff"
533,"透翅疏广蜡蝉","半翅目","B58","#5f8700"
535,"日月盗猎蝽","半翅目","B59","#5f875f"
536,"碧蛾蜡蝉","半翅目","B60","#5f8787"
537,"白痣广翅蜡蝉","半翅目","B61","#5f87af"
538,"划蝽","半翅目","B62","#5f87d7"
540,"东方巨齿蛉","脉翅目","M5","#5f87ff"
541,"大蚊","双翅目","S10","#5faf00"
542,"石蚕蛾","鳞翅目","L413","#5faf5f"
543,"短丝蜉","蜉蝣目","FY2","#5faf87"
544,"黑翅土白蚁","膜翅目","MO9","#5fafaf"
546,"大牙甲","鞘翅目","Q81","#5fafd7"
547,"斜波带尺蛾","鳞翅目","L414","#5fafff"
548,"芫天牛","鞘翅目","Q82","#5fd700"
549,"巨扒尺蛾","鳞翅目","L415","#5fd75f"
550,"短栉夜蛾","鳞翅目","L416","#5fd787"
551,"三色星灯蛾","鳞翅目","L417","#5fd7af"
552,"豆蚀叶野螟","鳞翅目","L418","#5fd7d7"
553,"日月猎蝽","半翅目","B63","#5fd7ff"
554,"基斑角须野螟蛾","鳞翅目","L419","#5fff00"
555,"纶夜蛾属","鳞翅目","L420","#5fff5f"
556,"犁纹黄夜蛾","鳞翅目","L421","#5fff87"
557,"卷裙夜蛾","鳞翅目","L422","#5fffaf"
558,"绿缺口尺蛾","鳞翅目","L423","#5fffd7"
559,"红角线尺蛾","鳞翅目","L424","#5fffff"
560,"款冬玉米螟","鳞翅目","L425","#870000"
561,"深脉网苔蛾","鳞翅目","L426","#87005f"
562,"火红环角野螟","鳞翅目","L427","#870087"
563,"三角尺蛾","鳞翅目","L428","#8700af"
564,"散纹夜蛾","鳞翅目","L429","#8700d7"
565,"银斑砌石瘤蛾","鳞翅目","L430","#8700ff"
566,"猎夜蛾","鳞翅目","L431","#875f00"
567,"拐弯美苔蛾","鳞翅目","L432","#875f5f"
568,"黄臀灯蛾","鳞翅目","L433","#875f87"
569,"双肩尺蛾","鳞翅目","L434","#875faf"
570,"花径绿纹蝗","直翅目","Z10","#875fd7"
571,"白钩小卷蛾","鳞翅目","L435","#875fff"
572,"槐羽舟蛾","鳞翅目","L436","#878700"
573,"油茶织蛾","鳞翅目","L437","#87875f"
574,"油茶尺蠖","鳞翅目","L438","#878787"
576,"京绿彩丽金龟","鞘翅目","Q83","#8787af"
577,"黄灰佳苔蛾","鳞翅目","L439","#8787d7"
578,"桑天牛","鞘翅目","Q84","#8787ff"
579,"乌闪网苔蛾","鳞翅目","L440","#87af00"
580,"黄连木金星尺蛾","鳞翅目","L441","#87af5f"
581,"红星雪灯蛾","鳞翅目","L442","#ff0000"
582,"盐肤木黑条螟","鳞翅目","L443","#87afaf"
583,"头橙荷苔蛾","鳞翅目","L444","#87afd7"
584,"淡剑贪夜蛾","鳞翅目","L445","#87afff"
585,"幻带黄毒蛾","鳞翅目","L446","#87d700"
586,"角翅舟蛾","鳞翅目","L447","#87d75f"
587,"桃剑纹夜蛾","鳞翅目","L448","#87d787"
588,"暗逸夜蛾","鳞翅目","L449","#87d7af"
589,"白蜡卷叶野螟","鳞翅目","L450","#87d7d7"
590,"波尺蛾","鳞翅目","L451","#87d7ff"
591,"菜螟","鳞翅目","L452","#87ff00"
592,"超桥夜蛾","鳞翅目","L453","#87ff5f"
593,"淡银纹夜蛾","鳞翅目","L454","#87ff87"
594,"瓜夜蛾","鳞翅目","L455","#87ffaf"
595,"红粘夜蛾","鳞翅目","L456","#87ffd7"
596,"红棕灰夜蛾","鳞翅目","L457","#87ffff"
597,"黄夜蛾","鳞翅目","L458","#af0000"
598,"角斑台毒蛾","鳞翅目","L459","#af005f"
599,"丽毒蛾","鳞翅目","L460","#af0087"
600,"曲线奴夜蛾","鳞翅目","L461","#af00af"
601,"三纹啮叶野螟","鳞翅目","L462","#af00d7"
602,"桑尺蛾","鳞翅目","L463","#af00ff"
603,"石榴巾夜蛾","鳞翅目","L464","#af5f00"
604,"银白冬夜蛾","鳞翅目","L465","#af5f5f"
605,"长尾管蚜蝇","双翅目","S11","#af5f87"
606,"中桥夜蛾","鳞翅目","L466","#af5faf"
607,"茶色地老虎","鳞翅目","L467","#af5fd7"
608,"茶色夜蛾","鳞翅目","L468","#af5fff"
609,"齿美冬夜蛾","鳞翅目","L469","#af8700"
610,"钩尾夜蛾","鳞翅目","L470","#af875f"
611,"蒿冬夜蛾","鳞翅目","L471","#af8787"
612,"胡桃豹夜蛾","鳞翅目","L472","#af87af"
613,"棘刺夜蛾","鳞翅目","L473","#af87d7"
614,"枯叶夜蛾","鳞翅目","L474","#af87ff"
615,"宽带波纹蛾","鳞翅目","L475","#afaf00"
616,"美纹弧夜蛾","鳞翅目","L476","#afaf5f"
617,"庐山鹿峡夜蛾","鳞翅目","L477","#afaf87"
618,"棕色歹夜蛾","鳞翅目","L478","#afafaf"
619,"平梢鹰夜蛾","鳞翅目","L479","#afafd7"
620,"珀光裳夜蛾","鳞翅目","L480","#afafff"
621,"青安钮夜蛾","鳞翅目","L481","#afd700"
622,"三线绮夜蛾","鳞翅目","L482","#afd75f"
623,"桑剑纹夜蛾","鳞翅目","L483","#afd787"
624,"苇实夜蛾","鳞翅目","L484","#afd7af"
625,"莴苣冬夜蛾","鳞翅目","L485","#afd7d7"
626,"显长角皮瘤蛾","鳞翅目","L486","#afd7ff"
627,"镶夜蛾","鳞翅目","L487","#afff00"
628,"小文夜蛾","鳞翅目","L488","#afff5f"
629,"旋目夜蛾","鳞翅目","L489","#afff87"
630,"雪平夜蛾","鳞翅目","L490","#afffaf"
631,"庸肖毛翅夜蛾","鳞翅目","L491","#afffd7"
632,"缘点黄毒蛾","鳞翅目","L492","#afffff"
633,"栉附夜蛾属","鳞翅目","L493","#d70000"
634,"华晓扁犀金龟","鞘翅目","Q85","#d7005f"
635,"中华星步甲","鞘翅目","Q86","#d70087"
636,"沟金针虫","鞘翅目","Q87","#d700af"
637,"隐丫纹夜蛾","鳞翅目","L494","#d700d7"
638,"丝光泥甲","鞘翅目","Q88","#d700ff"
639,"点斑雪灯蛾","鳞翅目","L495","#d75f00"
640,"网夜蛾","鳞翅目","L496","#d75f5f"
641,"绒粘夜蛾","鳞翅目","L497","#d75f87"
642,"白钩粘夜蛾","鳞翅目","L498","#d75faf"
643,"双流潢尺蛾","鳞翅目","L499","#d75fd7"
644,"白边地老虎","鳞翅目","L500","#d75fff"
645,"紫黑杂夜蛾","鳞翅目","L501","#d78700"
646,"豹灯蛾","鳞翅目","L502","#d7875f"
647,"鲁夜蛾","鳞翅目","L503","#d78787"
648,"茴香薄翅野螟","鳞翅目","L504","#d787af"
649,"苹大卷叶蛾","鳞翅目","L505","#d787d7"
650,"夏枯草展须野螟","鳞翅目","L506","#d787ff"
651,"碧金翅夜蛾","鳞翅目","L507","#d7af00"
652,"黄裳银纹夜蛾","鳞翅目","L508","#d7af5f"
653,"黄紫美冬夜蛾","鳞翅目","L509","#d7af87"
654,"褐网尺蛾","鳞翅目","L510","#d7afaf"
655,"麦焕夜蛾","鳞翅目","L511","#d7afd7"
656,"粉条巧夜蛾","鳞翅目","L512","#d7afff"
657,"双齿白边舟蛾","鳞翅目","L513","#d7d700"
658,"围连环夜蛾","鳞翅目","L514","#d7d75f"
659,"袜纹夜蛾","鳞翅目","L515","#d7d787"
660,"黄条冬夜蛾","鳞翅目","L516","#d7d7af"
661,"稻金斑夜蛾","鳞翅目","L517","#d7d7d7"
662,"东方美苔蛾","鳞翅目","L518","#d7d7ff"
663,"双点良苔蛾","鳞翅目","L519","#d7ff00"
664,"条纹艳苔蛾","鳞翅目","L520","#d7ff5f"
665,"剑纹夜蛾属","鳞翅目","L521","#d7ff87"
666,"小点白毒蛾","鳞翅目","L522","#d7ffaf"
667,"茶白毒蛾","鳞翅目","L523","#d7ffd7"
668,"联美苔蛾","鳞翅目","L524","#d7ffff"
669,"大黄齿尺蛾","鳞翅目","L525","#ff0000"
670,"绿翠尺蛾","鳞翅目","L526","#ff005f"
671,"长斑四圈青尺蛾","鳞翅目","L527","#ff00af"
672,"翠锈腰青尺蛾","鳞翅目","L528","#ff00d7"
673,"暗竹毒蛾","鳞翅目","L529","#ff00ff"
674,"双齿绿刺蛾","鳞翅目","L530","#ff5f00"
675,"苹果枯叶蛾","鳞翅目","L531","#ff5f5f"
676,"斑蝶","鳞翅目","L532","#ff5f87"
677,"亥夜蛾","鳞翅目","L533","#ff5faf"
678,"裳夜蛾","鳞翅目","L534","#ff5fd7"
679,"镯步甲","鞘翅目","Q89","#ff5fff"
680,"中国虎甲","鞘翅目","Q90","#ff8700"
681,"月斑虎甲","鞘翅目","Q91","#ff875f"
682,"凸星花金龟","鞘翅目","Q92","#d70000"
683,"日铜罗花金龟","鞘翅目","Q93","#ff87af"
684,"钳斑虎甲","鞘翅目","Q94","#5f00ff"
685,"苹毛丽金龟","鞘翅目","Q95","#ff87ff"
686,"亮斑扁角水虻","双翅目","S12","#ffaf00"
687,"褐斑背角花金龟","鞘翅目","Q96","#ffaf5f"
688,"毛黄鳃金龟","鞘翅目","Q97","#ffaf87"
689,"光肩星天牛","鞘翅目","Q98","#ffafaf"
690,"萤火虫","鞘翅目","Q99","#000000"
691,"中华广肩步甲","鞘翅目","Q100","#ff9300"
692,"德国小蠊","蜚蠊目","FL3","#ffd700"
694,"庐山铂蝽","半翅目","B64","#ffd75f"
695,"弯角蝽","半翅目","B65","#ffd787"
696,"菜蝽","半翅目","B66","#ffd7af"
697,"斑须蝽","半翅目","B67","#ffd7d7"
698,"赤条蝽","半翅目","B68","#ffd7ff"
699,"素猎蝽","半翅目","B69","#ffff00"
700,"斑衣蜡蝉","半翅目","B70","#ffff5f"
701,"姬蜂科","膜翅目","MO10","#ffff87"
702,"广腰蜂","膜翅目","MO11","#ffffaf"
703,"大棺头蟋","直翅目","Z11","#ffffd7"
704,"小棺头蟋","直翅目","Z12","#ffffff"
705,"斜斑鼓额蚜蝇","双翅目","S13","#000000"
706,"长翅素木蝗","直翅目","Z13","#00005f"
708,"缕裳夜蛾","鳞翅目","L535","#000087"
709,"竹金黄镰翅野螟","鳞翅目","L536","#0000af"
710,"竹淡黄野螟","鳞翅目","L537","#0000d7"
711,"竹绒野螟","鳞翅目","L538","#0000ff"
712,"蚜虫","半翅目","B71","#005f00"
713,"蓟马","缨翅目","Y2","#005f5f"
714,"白粉虱","半翅目","B72","#005f87"
715,"蚧壳虫","半翅目","B73","#005faf"
719,"苹掌舟蛾","鳞翅目","L539","#005fd7"
720,"桃小食心虫","鳞翅目","L540","#005fff"
723,"飞蛾","鳞翅目","L541","#008700"
727,"瘿蜂科","膜翅目","MO12","#00875f"
728,"种蝇","双翅目","S14","#008787"
729,"负泥虫","鞘翅目","Q101","#0087af"
730,"稻摇蚊","双翅目","S15","#0087d7"
731,"潜叶蝇","双翅目","S16","#0087ff"
732,"高粱条螟","鳞翅目","L542","#00af00"
733,"绒毛曲斑地甲","鞘翅目","Q102","#00af5f"
735,"隐金夜蛾","鳞翅目","L543","#00af87"
737,"钩蛾","鳞翅目","L544","#00afaf"
738,"苹卷叶蛾","鳞翅目","L545","#00afd7"
739,"阔胫鳃金龟","鞘翅目","Q103","#00afff"
741,"纹岐角螟","鳞翅目","L546","#00d700"
742,"甜菜叶螟","鳞翅目","L547","#00d75f"
743,"紫线尺蛾","鳞翅目","L548","#00d787"
744,"杨卷叶螟","鳞翅目","L549","#00d7af"
745,"烟实夜蛾","鳞翅目","L550","#00d7d7"
746,"尺蠖","鳞翅目","L551","#00d7ff"
747,"毛黄褐金龟","鞘翅目","Q104","#00ff00"
748,"粉斑螟蛾","鳞翅目","L552","#00ff5f"
749,"犀金龟科","鞘翅目","Q105","#00ff87"
750,"四斑叶野螟","鳞翅目","L553","#00ffaf"
751,"棉褐带卷蛾","鳞翅目","L554","#00ffd7"
752,"茶小绿叶蝉","半翅目","B74","#00ffff"
753,"茶尺蠖","鳞翅目","L555","#5f0000"
754,"豇豆荚螟","鳞翅目","L556","#5f005f"
755,"蚊子","双翅目","S17","#5f0087"
756,"假眼小绿叶蝉","半翅目","B75","#5f00af"
757,"黄苔蛾","鳞翅目","L557","#5f00d7"
758,"嘴壶夜蛾属","鳞翅目","L558","#5f00ff"
759,"隐翅甲","鞘翅目","Q106","#5f5f00"
761,"旋幽夜蛾","鳞翅目","L559","#5f5f5f"
762,"茶卷叶蛾","鳞翅目","L560","#5f5f87"
763,"天幕毛虫","鳞翅目","L561","#5f5fd7"
764,"稻蝽蟓","半翅目","B76","#5f5fff"
765,"炫夜蛾","鳞翅目","L562","#5f875f"
766,"棕色金龟子","鞘翅目","Q107","#5f8787"
767,"淡色库蚊（雌）","双翅目","S18","#5f87af"
768,"淡色库蚊（雄）","双翅目","S19","#5f87d7"
769,"白纹伊蚊（雌）","双翅目","S20","#5f87ff"
770,"白纹伊蚊（雄）","双翅目","S21","#5faf00"
772,"国槐尺蠖","鳞翅目","L563","#5faf5f"
773,"木橑尺蠖","鳞翅目","L564","#5faf87"
774,"菜粉蝶","鳞翅目","L565","#5fafaf"
775,"蛴螬","鞘翅目","Q108","#5fafd7"
776,"星天牛","鞘翅目","Q109","#5fafff"
777,"黄纹髓草螟","鳞翅目","L566","#5fd700"
778,"玲隐尺蛾","鳞翅目","L567","#5fd75f"
779,"杨梢叶甲","鞘翅目","Q110","#5fd787"
780,"柳剑纹夜蛾","鳞翅目","L568","#5fd7af"
783,"美洲斑浅蝇","双翅目","S22","#5fd7d7"
784,"大豆卷叶螟","鳞翅目","L569","#5fd7ff"
785,"叩头虫","鞘翅目","Q111","#5fff00"
786,"华山松大小蠹","鞘翅目","Q112","#5fff5f"
787,"中华松针蚧","半翅目","B77","#5fff87"
788,"六齿小蠹","鞘翅目","Q113","#5fffaf"
789,"金针虫","鞘翅目","Q114","#5fffd7"
790,"杨蓝叶甲","鞘翅目","Q115","#5fffff"
791,"杨潜叶叶蜂","膜翅目","MO13","#870000"
792,"苹果毒蛾","鳞翅目","L570","#87005f"
793,"叩头甲","鞘翅目","Q116","#870087"
794,"葡萄天蛾","鳞翅目","L571","#8700d7"
795,"白薯天蛾","鳞翅目","L572","#8700ff"
796,"蓝目天蛾","鳞翅目","L573","#875f00"
797,"条背天蛾","鳞翅目","L574","#875f5f"
798,"甘伪小眼夜蛾","鳞翅目","L575","#875f87"
799,"芳香木蠹蛾","鳞翅目","L576","#875faf"
800,"金龟甲","鞘翅目","Q117","#875fd7"
804,"绿宝石金龟子","鞘翅目","Q118","#875fff"
805,"椿象","鞘翅目","Q119","#878700"
806,"黄杨绢杨螟","鳞翅目","L577","#87875f"
808,"椴六点天蛾","鳞翅目","L578","#878787"
809,"鹰翅天蛾","鳞翅目","L579","#8787af"
810,"云杉梢斑螟","鳞翅目","L580","#8787d7"
811,"铜绿鳃金龟","鞘翅目","Q120","#8787ff"
812,"麦粘虫","鳞翅目","L581","#87af00"
813,"菜叶蜂","膜翅目","MO14","#87af5f"
814,"尘污灯蛾","鳞翅目","L582","#87af87"
816,"苦楝小卷蛾","鳞翅目","L583","#87afaf"
817,"锹甲","鞘翅目","Q121","#87afd7"
818,"瓦矛夜蛾","鳞翅目","L584","#87afff"
819,"中华真地鳖","蜚蠊目","FL4","#87d700"
820,"棕衣黄毒蛾","鳞翅目","L585","#87d75f"
821,"细腰蜂","膜翅目","MO15","#87d787"
822,"大灰食蚜蝇","双翅目","S23","#87d7af"
823,"黑带食蚜蝇","双翅目","S24","#87d7d7"
824,"拟毛黄鳃金龟","鞘翅目","Q122","#87d7ff"
825,"银锭夜蛾","鳞翅目","L586","#87ff00"
827,"牙甲科","鞘翅目","Q123","#87ff5f"
828,"粉缘钻夜蛾","鳞翅目","L587","#87ff87"
829,"黄褐丽金龟","鞘翅目","Q124","#87ffaf"
830,"麦螟","鳞翅目","L588","#87ffd7"
831,"曲纹虎甲","鞘翅目","Q125","#87ffff"
832,"黄边美苔蛾","鳞翅目","L589","#af0000"
833,"麻小食心虫","鳞翅目","L590","#af005f"
834,"柳天蛾","鳞翅目","L591","#af0087"
837,"忍冬尺蛾","鳞翅目","L592","#af00af"
838,"扶桑四点野螟","鳞翅目","L593","#af00ff"
839,"野蚕","鳞翅目","L594","#af5f00"
840,"黄枚隐尺蛾","鳞翅目","L595","#af5f5f"
841,"宽边青步甲","鞘翅目","Q126","#af5f87"
843,"星白灯蛾","鳞翅目","L596","#af5faf"
844,"桑瘿蚊","双翅目","S25","#af5fd7"
845,"野蚕蛾","鳞翅目","L597","#af5fff"
846,"松墨天牛","鞘翅目","Q127","#af8700"
847,"水龟虫","鞘翅目","Q128","#af875f"
848,"双线雪舟蛾","鳞翅目","L598","#af8787"
849,"烦夜蛾","鳞翅目","L599","#af87af"
850,"黄麻桥夜蛾","鳞翅目","L600","#af87d7"
851,"角扇舟蛾","鳞翅目","L601","#af87ff"
852,"稻瘿蚊","双翅目","S26","#afaf00"
853,"白脉粘虫","鳞翅目","L602","#afaf5f"
855,"短扇舟蛾","鳞翅目","L603","#afaf87"
856,"白点粘夜蛾","鳞翅目","L604","#afafaf"
857,"双斑长跗萤叶甲","鞘翅目","Q129","#afafd7"
858,"显纹地老虎","鳞翅目","L605","#afafff"
859,"旋岐夜蛾","鳞翅目","L606","#afd700"
860,"煤色滴苔蛾","鳞翅目","L607","#afd75f"
861,"白蜡卷须野螟","鳞翅目","L608","#afd787"
862,"霉巾夜蛾","鳞翅目","L609","#afd7d7"
863,"白黑华苔蛾","鳞翅目","L610","#33ffa5"
865,"柑橘红蜘蛛","蛛形纲","ZXG1","#afff5f"
866,"柑橘锈壁虱","半翅目","B78","#afff87"
867,"柑橘木虱","半翅目","B79","#afffaf"
868,"柑橘蚜虫","半翅目","B80","#afffd7"
869,"柑橘蓟马","缨翅目","Y3","#afffff"
870,"柑橘潜叶蛾","鳞翅目","L611","#d70000"
871,"柑橘白粉虱","半翅目","B81","#d7005f"
872,"柑橘蛾类幼虫","鳞翅目","L612","#d70087"
873,"柑橘介壳虫","半翅目","B82","#d700af"
875,"额喙丽金龟","鞘翅目","Q130","#d700d7"
876,"阔胫绢金龟","鞘翅目","Q131","#d700ff"
877,"棉盲蝽","半翅目","B83","#d75f00"
881,"水稻卷叶螟","鳞翅目","L613","#d75f5f"
884,"福婆鳃金龟","鞘翅目","Q132","#d75f87"
885,"眩灯蛾","鳞翅目","L614","#d75faf"
886,"一点谷螟","鳞翅目","L615","#d75fd7"
887,"马铃薯甲虫","鞘翅目","Q133","#d75fff"
888,"苜蓿籽蜂","膜翅目","MO16","#d78700"
889,"苜蓿叶象甲","鞘翅目","Q134","#d7875f"
890,"棉红铃虫","鳞翅目","L616","#d78787"
891,"米扁虫","鞘翅目","Q135","#d787af"
892,"南美斑潜蝇","双翅目","S27","#d787d7"
893,"美洲斑潜蝇","双翅目","S28","#d787ff"
894,"麦杆蝇","双翅目","S29","#d7af00"
895,"麦蛾","鳞翅目","L617","#d7af5f"
896,"麦扁盾蝽","半翅目","B84","#d7af87"
897,"马铃薯块茎蛾","鳞翅目","L618","#d7afaf"
898,"红圆皮蠹","鞘翅目","Q136","#d7afff"
899,"谷象","鞘翅目","Q137","#d7d700"
900,"刺槐叶瘿蚊","双翅目","S30","#d7d75f"
901,"意大利蜂","膜翅目","MO17","#d7d787"
903,"美洲大蠊","蜚蠊目","FL5","#d7d7af"
904,"红铃麦蛾","鳞翅目","L619","#d7d7d7"
905,"桃条麦蛾","鳞翅目","L620","#d7d7ff"
906,"豌豆象","鞘翅目","Q138","#d7ff00"
907,"小圆皮蠹","鞘翅目","Q139","#d7ff5f"
908,"赤足郭公虫","鞘翅目","Q140","#d7ff87"
909,"地中海粉螟","鳞翅目","L621","#d7ffaf"
910,"梨瘤蚜","半翅目","B85","#d7ffd7"
911,"棉红铃蛾","鳞翅目","L622","#d7ffff"
912,"蔗扁蛾","鳞翅目","L623","#ff0000"
913,"皂角豆象","鞘翅目","Q141","#ff005f"
914,"杨干象","鞘翅目","Q142","#ff0087"
915,"烟粉虱","半翅目","B86","#ff00af"
916,"烟草甲","鞘翅目","Q143","#ff00d7"
917,"葡萄根瘤蚜","半翅目","B87","#000000"
918,"泰加大树蜂","膜翅目","MO18","#00005f"
919,"苹果小吉丁虫","鞘翅目","Q144","#000087"
920,"谷蠹","鞘翅目","Q145","#0000af"
921,"玫瑰犁瘿蜂","膜翅目","MO19","#0000d7"
922,"十二齿小蠹","鞘翅目","Q146","#0000ff"
926,"苹果小蠹","鞘翅目","Q147","#005f00"
927,"柑橘卷夜蛾","鳞翅目","L624","#005f5f"
928,"油桐尺蠖","鳞翅目","L625","#005f87"
929,"柑橘凤蝶","鳞翅目","L626","#005faf"
930,"玉带凤蝶","鳞翅目","L627","#005fd7"
931,"壶嘴夜蛾","鳞翅目","L628","#005fff"
932,"壶夜蛾","鳞翅目","L629","#008700"
933,"柑橘枯叶蛾","鳞翅目","L630","#00875f"
934,"红脚丽金龟","鞘翅目","Q148","#008787"
935,"柑橘潜叶跳甲","鞘翅目","Q149","#0087af"
936,"恶性橘啮跳甲","鞘翅目","Q150","#0087d7"
937,"柑橘小实蝇","双翅目","S31","#0087ff"
938,"柑橘大实蝇","双翅目","S32","#00af00"
939,"茶黑毒蛾","鳞翅目","L631","#00af5f"
940,"污黄毒蛾","鳞翅目","L632","#00af87"
941,"茶刺蛾","鳞翅目","L633","#00afaf"
942,"蜡蝉科","半翅目","B88","#00afd7"
943,"柑橘卷叶蛾","鳞翅目","L634","#00afff"
944,"橘小实蝇","双翅目","S33","#00d700"
945,"黒尾叶蝉","半翅目","B89","#00d75f"
946,"白翅时蝉","半翅目","B90","#00d787"
947,"艳叶夜蛾","鳞翅目","L635","#00d7af"
948,"银辉夜蛾","鳞翅目","L636","#00d7d7"
950,"稻秆潜蝇","双翅目","S34","#00d7ff"
952,"小斑红蝽","半翅目","B91","#00ff00"
953,"二点螟","鳞翅目","L637","#00ff5f"
954,"条螟","鳞翅目","L638","#00ff87"
955,"苍蝇","双翅目","S35","#00ffaf"
956,"棉盲蝽","半翅目","B92","#00ffd7"
957,"黄杨缀叶野螟","鳞翅目","L639","#00ffff"
958,"红蜘蛛","蛛形纲","ZXG2","#5f0000"
960,"玉米粘虫","鳞翅目","L640","#5f005f"
963,"苹果蠧蛾","鳞翅目","L641","#5f0087"
964,"褐边绿刺蛾","鳞翅目","L642","#5f00af"
965,"东方绢金龟","鞘翅目","Q151","#5f00d7"
966,"索鳃金龟","鞘翅目","Q152","#5f00ff"
968,"海索鳃金龟","鞘翅目","Q153","#5f5f00"
971,"长脚蝽","半翅目","B93","#5f5f5f"
972,"苹梢鹰夜蛾","鳞翅目","L643","#5f5f87"
973,"大豆食心虫","鳞翅目","L644","#5f5faf"
974,"阔胫玛娟金龟","鞘翅目","Q154","#5f5fd7"
976,"茶毛虫","鳞翅目","L645","#5f5fff"
977,"茶蓟马","缨翅目","Y4","#5f8700"
978,"白背粘虫","鳞翅目","L646","#5f875f"
979,"杨毒蛾","鳞翅目","L647","#5f8787"
980,"松褐天牛","鞘翅目","Q155","#5f87af"
981,"白蚁","膜翅目","MO20","#5f87d7"
982,"青脊竹蝗","直翅目","Z14","#5f87ff"
984,"油茶毒蛾","鳞翅目","L648","#5faf00"
985,"茶籽象甲","鞘翅目","Q156","#5faf5f"
986,"萧氏松茎象","鞘翅目","Q157","#5faf87"
989,"中黑盲蝽","半翅目","B94","#5fafaf"
990,"粉斑夜蛾","鳞翅目","L649","#5fafd7"
991,"咖啡豹蠹蛾","鳞翅目","L650","#5fafff"
992,"绿尺蛾","鳞翅目","L651","#5fd700"
993,"白蜡绢野螟","鳞翅目","L652","#5fd75f"
994,"脉散纹夜蛾","鳞翅目","L653","#5fd787"
995,"丹日明夜蛾","鳞翅目","L654","#5fd7af"
996,"黄绿绒野螟","鳞翅目","L655","#5fd7d7"
997,"灰茶尺蠖","鳞翅目","L656","#5fd7ff"
998,"缟飞虱","半翅目","B95","#5fff00"
999,"爪哇放屁甲","鞘翅目","Q158","#5fff5f"
1001,"蟪蛄","半翅目","B96","#5fff87"
1002,"槐尺蠖","鳞翅目","L657","#5fffaf"
1003,"柿星尺蛾","鳞翅目","L658","#5fffd7"
1004,"稻筒水螟","鳞翅目","L659","#5fffff"
1005,"黄曲条跳甲","鞘翅目","Q159","#870000"
1006,"红火蚁","膜翅目","MO21","#87005f"
1007,"甘薯小象甲","鞘翅目","Q160","#870087"
1008,"瓜实蝇","双翅目","S36","#8700af"
1009,"南瓜实蝇","双翅目","S37","#8700d7"
1010,"爻纹细蛾","鳞翅目","L660","#8700ff"
1011,"番茄潜叶蛾","鳞翅目","L661","#875f00"
1012,"三角夜蛾","鳞翅目","L662","#875f5f"
1013,"斑点广翅蜡蝉","半翅目","B97","#875f87"
1014,"枇杷卷叶野螟","鳞翅目","L663","#875faf"
1018,"淡脉粘夜蛾","鳞翅目","L664","#875fd7"
1019,"金双带草螟","鳞翅目","L665","#875fff"
1020,"锈黄缨突野螟","鳞翅目","L666","#878700"
1021,"羽蛾","鳞翅目","L667","#87875f"
1022,"婪步甲属","鞘翅目","Q161","#878787"
1023,"砂潜","鞘翅目","Q162","#8787af"
1024,"稻弄蝶","鳞翅目","L668","#8787d7"
1026,"腰带燕尾舟蛾","鳞翅目","L669","#8787ff"
1027,"大理石绮夜蛾","鳞翅目","L670","#87af00"
1028,"弱夜蛾","鳞翅目","L671","#87af5f"
1029,"纵带球须刺蛾","鳞翅目","L672","#ff0000"
1030,"白麦粘虫","鳞翅目","L673","#87afaf"
1031,"赤须盲蝽","半翅目","B98","#87afd7"
1032,"凤蝶科","鳞翅目","L674","#000000"
1033,"吉丁科","鞘翅目","Q163","#000000"
1034,"蛛甲科","鞘翅目","Q164","#00005f"
1035,"沼梭甲科","鞘翅目","Q165","#000087"
1036,"溪泥甲科","鞘翅目","Q166","#0000af"
1037,"擎爪泥甲科","鞘翅目","Q167","#0000d7"
1038,"毛泥甲科","鞘翅目","Q168","#0000ff"
1039,"长泥甲科","鞘翅目","Q169","#005f00"
1040,"阎甲科","鞘翅目","Q170","#005f5f"
1041,"蚁形甲科","鞘翅目","Q171","#005f87"
1042,"拟天牛科","鞘翅目","Q172","#005faf"
1043,"拟步甲科","鞘翅目","Q173","#005fd7"
1044,"三栉牛科","鞘翅目","Q174","#005fff"
1045,"芫菁科","鞘翅目","Q175","#008700"
1046,"幽甲科","鞘翅目","Q176","#00875f"
1047,"暗天牛科","鞘翅目","Q177","#008787"
1048,"郭公虫科","鞘翅目","Q178","#0087af"
1049,"细花萤科","鞘翅目","Q179","#0087d7"
1050,"粪金龟科","鞘翅目","Q180","#0087ff"
1051,"锹甲科","鞘翅目","Q181","#00af00"
1052,"黑蜣科","鞘翅目","Q182","#00af5f"
1053,"皮金龟科","鞘翅目","Q183","#00af87"
1054,"六甲科","鞘翅目","Q184","#00afaf"
1055,"拟球甲科","鞘翅目","Q185","#00afd7"
1056,"邻坚甲科","鞘翅目","Q186","#00afff"
1057,"小花甲科","鞘翅目","Q187","#00d700"
1058,"大蕈甲科","鞘翅目","Q188","#00d75f"
1059,"露尾甲科","鞘翅目","Q189","#00d787"
1060,"隐颚扁甲科","鞘翅目","Q190","#00d7af"
1061,"锯谷盗科","鞘翅目","Q191","#00d7d7"
1062,"花萤科","鞘翅目","Q192","#00d7ff"
1063,"红萤科","鞘翅目","Q193","#00ff00"
1064,"球蕈甲科","鞘翅目","Q194","#00ff5f"
1065,"长角象科","鞘翅目","Q195","#00ff87"
1066,"卷象科","鞘翅目","Q196","#00ffaf"
1067,"三锥象科","鞘翅目","Q197","#00ffd7"
1068,"象甲科","鞘翅目","Q198","#00ffff"
1069,"牙甲科","鞘翅目","Q199","#5f0000"
1070,"硕蠊科","蜚蠊目","FL6","#5f005f"
1071,"姬蠊科","蜚蠊目","FL7","#5f0087"
1072,"蜚蠊科","蜚蠊目","FL8","#5f00af"
1073,"木蚁科","蜚蠊目","FL9","#5f00d7"
1074,"鼻白蚁科","蜚蠊目","FL10","#5f00ff"
1075,"木白蚁科","蜚蠊目","FL11","#5f5f00"
1076,"白蚁科","蜚蠊目","FL12","#5f5f5f"
1077,"鳖蠊科","蜚蠊目","FL13","#5f5f87"
1078,"肥螋科","革翅目","GE3","#5f5faf"
1079,"垫跗螋科","革翅目","GE4","#5f5fd7"
1080,"球螋科","革翅目","GE5","#5f5fff"
1081,"丝尾螋科","革翅目","GE6","#5f8700"
1082,"蝗科","直翅目","Z15","#5f875f"
1083,"脊蜢科","直翅目","Z16","#5f8787"
1084,"锥头蝗科","直翅目","Z17","#5f87af"
1085,"蚱科","直翅目","Z18","#5f87d7"
1086,"泽蚤蝼科","直翅目","Z19","#5f87ff"
1087,"蚤蝼科","直翅目","Z20","#5faf00"
1088,"鳞蟋科","直翅目","Z21","#5faf5f"
1089,"树蟋科","直翅目","Z22","#5faf87"
1090,"蛛蟋科","直翅目","Z23","#5fafaf"
1091,"蛉蟋科","直翅目","Z24","#5fafd7"
1092,"蚁蟋科","直翅目","Z25","#5fafff"
1093,"驼螽科","直翅目","Z26","#5fd700"
1094,"蟋螽科","直翅目","Z27","#5fd75f"
1095,"驼螽科","直翅目","Z28","#5fd787"
1096,"蟋螽科","直翅目","Z29","#5fd7af"
1097,"沙螽科","直翅目","Z30","#5fd7d7"
1098,"蜜蜂科","膜翅目","MO22","#5fd7ff"
1099,"方头泥蜂科","膜翅目","MO23","#5fff00"
1100,"分舌蜂科","膜翅目","MO24","#5fff5f"
1101,"隧蜂科","膜翅目","MO25","#5fff87"
1102,"小蜂科","膜翅目","MO26","#5fffaf"
1103,"跳小蜂科","膜翅目","MO27","#5fffd7"
1104,"金小蜂科","膜翅目","MO28","#5fffff"
1105,"长尾小蜂科","膜翅目","MO29","#870000"
1106,"蚁科","膜翅目","MO30","#87005f"
1107,"茧蜂科","膜翅目","MO31","#870087"
1108,"蛛蜂科","膜翅目","MO32","#8700af"
1109,"蚁蜂科","膜翅目","MO33","#8700d7"
1110,"三节叶蜂科","膜翅目","MO34","#8700ff"
1111,"锤角叶蜂科","膜翅目","MO35","#875f00"
1112,"叶蜂科","膜翅目","MO36","#875f5f"
1113,"土蜂科","膜翅目","MO37","#875f87"
1114,"齿蛉科","广翅目","G1","#875faf"
1115,"草蛉科","脉翅目","M6","#875fd7"
1116,"褐蛉科","脉翅目","M7","#875fff"
1117,"螳蛉科","脉翅目","M8","#878700"
1118,"蝶角蛉科","脉翅目","M9","#87875f"
1119,"蚁蛉科","脉翅目","M10","#878787"
1120,"蟋蟀科","直翅目","Z31","#8787af"
1121,"色蟌科","蜻蜓目","QT2","#8787d7"
1122,"溪蟌科","蜻蜓目","QT3","#8787ff"
1123,"扇蟌科","蜻蜓目","QT4","#87af00"
1124,"蟌科","蜻蜓目","QT5","#87af5f"
1125,"扁蟌科","蜻蜓目","QT6","#ff0000"
1126,"蜓科","蜻蜓目","QT7","#87afaf"
1127,"春蜓科","蜻蜓目","QT8","#87afd7"
1128,"蜻科","蜻蜓目","QT9","#87afff"
1129,"大伪蜻科","蜻蜓目","QT10","#87d700"
1130,"扁蜉科","蜉蝣目","FY3","#87d75f"
1131,"食虫虻科","双翅目","S38","#87d787"
1132,"蜂虹科","双翅目","S39","#87d7af"
1133,"长足虻科","双翅目","S40","#87d7d7"
1134,"蜂虻科","双翅目","S41","#87d7ff"
1135,"果蝇科","双翅目","S42","#87ff00"
1136,"水蝇科","双翅目","S43","#87ff5f"
1137,"缟蝇科","双翅目","S44","#87ff87"
1138,"花蝇科","双翅目","S45","#87ffaf"
1139,"粪蝇科","双翅目","S46","#87ffd7"
1140,"指角蝇科","双翅目","S47","#87ffff"
1141,"圆目蝇科","双翅目","S48","#af0000"
1142,"丽蝇科","双翅目","S49","#af005f"
1143,"鼻蝇科","双翅目","S50","#af0087"
1144,"麻蝇科","双翅目","S51","#af00af"
1145,"寄蝇科","双翅目","S52","#af00d7"
1146,"潜蝇科","双翅目","S53","#af00ff"
1147,"刺股蝇科","双翅目","S54","#af5f00"
1148,"扁足蝇科","双翅目","S55","#af5f5f"
1149,"沼蝇总科","双翅目","S56","#af5f87"
1150,"鼓翃蝇科","双翅目","S57","#af5faf"
1151,"水虻科","双翅目","S58","#af5fd7"
1152,"食蚜蝇科","双翅目","S59","#af5fff"
1153,"实蝇科","双翅目","S60","#af8700"
1154,"广囗蝇科","双翅目","S61","#af875f"
1155,"菌蚊科","双翅目","S62","#af8787"
1156,"蛾蠓科","双翅目","S63","#af87af"
1157,"长角蛾科","鳞翅目","L675","#af87d7"
1158,"蚕蛾科","鳞翅目","L676","#af87ff"
1159,"箩纹蛾科","鳞翅目","L677","#afaf00"
1160,"桦蛾科","鳞翅目","L678","#afaf5f"
1161,"大蚕蛾科","鳞翅目","L679","#afaf87"
1162,"钩蛾科","鳞翅目","L680","#afafaf"
1163,"凤蛾科","鳞翅目","L681","#afafd7"
1164,"宽蛾科","鳞翅目","L682","#afafff"
1165,"麦蛾科","鳞翅目","L683","#afd700"
1166,"织蛾科","鳞翅目","L684","#afd75f"
1167,"绢蛾科","鳞翅目","L685","#afd787"
1168,"尺蛾科","鳞翅目","L686","#afd7af"
1169,"燕蛾科","鳞翅目","L687","#afd7d7"
1170,"细蛾科","鳞翅目","L688","#afd7ff"
1171,"枯叶蛾科","鳞翅目","L689","#afff00"
1172,"目夜蛾科","鳞翅目","L690","#afff5f"
1173,"尾夜蛾科","鳞翅目","L691","#afff87"
1174,"瘤蛾科","鳞翅目","L692","#afffaf"
1175,"羽蛾科","鳞翅目","L693","#afffd7"
1176,"螟蛾科","鳞翅目","L694","#afffff"
1177,"网蛾科","鳞翅目","L695","#d70000"
1178,"谷蛾科","鳞翅目","L696","#d7005f"
1179,"雕蛾科","鳞翅目","L697","#d70087"
1180,"斑蛾科","鳞翅目","L698","#d700af"
1181,"弄蝶科","鳞翅目","L699","#d700d7"
1182,"灰蝶科","鳞翅目","L700","#d700ff"
1183,"蛱蝶科","鳞翅目","L701","#d75f00"
1184,"粉蝶科","鳞翅目","L702","#d75f5f"
1185,"蚬蝶科","鳞翅目","L703","#d75f87"
1186,"长角石蛾科","毛翅目","MAO3","#d75faf"
1187,"沼石蛾科","毛翅目","MAO4","#d75fd7"
1188,"蚜科","半翅目","B99","#d75fff"
1189,"蚧科","半翅目","B100","#d78700"
1190,"胭蚧科","半翅目","B101","#d7875f"
1191,"盾蚧科","半翅目","B102","#d78787"
1192,"粉蚧科","半翅目","B103","#d787af"
1193,"松干蚧科","半翅目","B104","#d787d7"
1194,"绵蚧科","半翅目","B105","#d787ff"
1195,"旌蚧科","半翅目","B106","#d7af00"
1196,"尖胸沬蝉科","半翅目","B107","#d7af5f"
1197,"沬蝉科","半翅目","B108","#d7af87"
1198,"长盾沫蝉科","半翅目","B109","#d7afaf"
1199,"巢沫蝉科","半翅目","B110","#d7afd7"
1200,"袖蜡蝉科","半翅目","B111","#d7afff"
1201,"象蜡蝉科","半翅目","B112","#d7d700"
1202,"蛾蜡蝉科","半翅目","B113","#d7d75f"
1203,"瓢蜡蝉科","半翅目","B114","#d7d787"
1204,"璐蜡蝉科","半翅目","B115","#d7d7af"
1205,"广翅蜡蝉科","半翅目","B116","#d7d7d7"
1206,"扁蜡蝉科","半翅目","B117","#d7d7ff"
1207,"角蝉科","半翅目","B118","#d7ff00"
1208,"木虱科","半翅目","B119","#d7ff5f"
1209,"姬蝽科","半翅目","B120","#d7ff87"
1210,"盲蝽科","半翅目","B121","#d7ffaf"
1211,"扁蝽科","半翅目","B122","#d7ffd7"
1212,"蛛缘蝽科","半翅目","B123","#d7ffff"
1213,"缘蝽科","半翅目","B124","#ff0000"
1214,"跷蝽科","半翅目","B125","#ff005f"
1215,"束蝽科","半翅目","B126","#ff00af"
1216,"大眼长蝽科","半翅目","B127","#ff00d7"
1217,"莎长蝽科","半翅目","B128","#ff00ff"
1218,"室翅长蝽科","半翅目","B129","#ff5f00"
1219,"地长蝽科","半翅目","B130","#ff5f5f"
1220,"同蝽科","半翅目","B131","#ff5f87"
1221,"球蝽科","半翅目","B132","#ff5faf"
1222,"土蝽科","半翅目","B133","#ff5fd7"
1223,"兜蝽科","半翅目","B134","#ff5fff"
1224,"龟蝽科","半翅目","B135","#ff8700"
1225,"盾蝽科","半翅目","B136","#ff875f"
1226,"荔蝽科","半翅目","B137","#d70000"
1227,"大红蝽科","半翅目","B138","#ff87af"
1228,"红蝽科","半翅目","B139","#5f00ff"
1229,"黾蝽科","半翅目","B140","#ff87ff"
1230,"宽肩蝽科","半翅目","B141","#ffaf00"
1231,"水蝽科","半翅目","B142","#ffaf5f"
1232,"蟾蝽科","半翅目","B143","#ffaf87"
1233,"划蝽科","半翅目","B144","#ffafaf"
1234,"负子蝽科","半翅目","B145","#ff5fd7"
1235,"蝎蝽科","半翅目","B146","#ff5fff"
1236,"蚤蝽科","半翅目","B147","#ff8700"
1237,"仰蝽科","半翅目","B148","#ff875f"
1238,"蜍蝽科","半翅目","B149","#d70000"
1239,"猎蝽科","半翅目","B150","#ff87af"
1240,"网蝽科","半翅目","B151","#5f00ff"
1241,"管蓟马科","缨翅目","Y5","#ff87ff"
1242,"蓟马科","缨翅目","Y6","#ffaf00"
1243,"测试","鳞翅目","L704","#000000"
1244,"未知昆虫","鳞翅目","L705","#000000"
1245,"云南松毛虫","鳞翅目","L706","#000000"
1246,"思茅松毛虫","鳞翅目","L707","#40e534"
1247,"马尾松毛虫","鳞翅目","L708","#1ddadd"
1248,"波纹松毛虫","鳞翅目","L709","#ee9d11"
1249,"赤松毛虫","鳞翅目","L710","#eae206"
1250,"黄褐天目松毛虫","鳞翅目","L711","#22e22f"
1251,"黄褐天幕松毛虫","鳞翅目","L712","#0b9bf4"
1252,"高山松毛虫","鳞翅目","L713","#03f8fc"
1253,"海南松毛虫","鳞翅目","L714","#52e811"
1254,"桔斑簇天牛","鞘翅目","Q200","#ea1bee"
1255,"茶丽天牛","鞘翅目","Q201","#2993a8"
1256,"榕指角天牛","鞘翅目","Q202","#2bd5f7"
1257,"木棉丛角天牛","鞘翅目","Q203","#58abf9"
1258,"长颈鹿天牛","鞘翅目","Q204","#ba87f7"
1259,"石纹拟鹿天牛","鞘翅目","Q205","#b3f109"
1260,"线纹羽角天牛","鞘翅目","Q206","#ee9d11"
1261,"蓝斑星天牛","鞘翅目","Q207","#34f965"
1262,"蔗根土天牛","鞘翅目","Q208","#22a091"
1263,"格彩臂金龟","鞘翅目","Q209","#b10dfd"
1264,"橡胶犀金龟","鞘翅目","Q210","#3ce25d"
1265,"三斑蕊灯蛾","鳞翅目","L726","#0000ff"
1266,"赤腹污灯蛾","鳞翅目","L727","#005f00"
1267,"青斜背天蛾","鳞翅目","L728","#005f5f"
1268,"丽眼斑螳","螳螂目","TL1","#ff5733"
1269,"模毒蛾","鳞翅目","L729","#33ff57"
1270,"云尺蛾","鳞翅目","L730","#3357ff"
1271,"双云尺蛾","鳞翅目","L731","#005fff"
1272,"拟柿星尺蛾","鳞翅目","L732","#008700"
1273,"枯肖毛翅夜蛾","鳞翅目","L733","#00875f"
1274,"叔灰镰须夜蛾","鳞翅目","L734","#008787"
1275,"扭拟灯蛾","鳞翅目","L735","#0087af"
1276,"斜绿天蛾","鳞翅目","L715","#0087d7"
1277,"枯艳叶夜蛾","鳞翅目","L716","#0087ff"
1278,"淋绿尺蛾","鳞翅目","L717","#00af00"
1279,"星散灯蛾","鳞翅目","L718","#00af5f"
1280,"纹散灯蛾","鳞翅目","L719","#00af87"
1281,"锈色棕榈象","鞘翅目","Q211","#00afaf"
1282,"黄带素尺蛾","鳞翅目","L720","#00afd7"
1283,"大霜尺蛾","鳞翅目","L721","#00afff"
1284,"安土苔蛾","鳞翅目","L722","#00d700"
1285,"黄雪苔蛾","鳞翅目","L723","#00d75f"
1286,"淡黄毒蛾","鳞翅目","L724","#00d787"
1287,"翠褐皮瘤蛾","鳞翅目","L725","#00d7af"
1288,"瑞星黄毒蛾","鳞翅目","L736","#00d7d7"
1289,"路雪苔蛾","鳞翅目","L737","#00d7ff"
1290,"直蝶灯蛾","鳞翅目","L738","#00ff00"
1291,"月毒蛾","鳞翅目","L739","#00ff5f"
1292,"褐枯尺蛾","鳞翅目","L740","#00ff87"
1293,"双线盗毒蛾","鳞翅目","L741","#00ffaf"
1294,"纹背线天蛾","鳞翅目","L742","#00ffd7"
1295,"橙苔蛾","鳞翅目","L743","#00ffff"
1296,"四点素尺蛾","鳞翅目","L744","#5f0000"
1297,"绿罗花金龟","鞘翅目","Q212","#5f005f"
1298,"宽带鹿角花金龟","鞘翅目","Q213","#5f0087"
1299,"拟三色星灯蛾","鳞翅目","L745","#5f00af"
1300,"污灯蛾属","鳞翅目","L746","#5f00d7"
1301,"黄痣苔蛾","鳞翅目","L747","#5f00ff"
1302,"圆纹金星天蛾","鳞翅目","L748","#5f5f00"
1303,"巨星尺蛾","鳞翅目","L749","#5f5f5f"
1304,"丝棉木尺蛾","鳞翅目","L750","#5f5f87"
1305,"灰白毒蛾","鳞翅目","L751","#5f5faf"
1306,"白纹羽毒蛾","鳞翅目","L752","#5f5fd7"
1307,"松天蛾属","鳞翅目","L753","#5f5fff"
1308,"绒星天蛾","鳞翅目","L754","#0000ff"
1309,"蓝墨天牛","鞘翅目","Q214","#005f00"
1310,"肩异缘蝽","半翅目","B152","#005f5f"
1311,"镰钩蛾属","鳞翅目","L755","#005f87"
1312,"绿刺蛾属","鳞翅目","L756","#005faf"
1313,"神农洁蜣螂","鞘翅目","Q215","#005fd7"
1314,"松瘤小蠹","鞘翅目","Q216","#005fff"
1315,"云南切梢小蠹","鞘翅目","Q217","#008700"
1316,"棕色鳃金龟","鞘翅目","Q218","#00875f"
1317,"粗刻点木蠹象","鞘翅目","Q219","#008787"
1318,"华山松木蠹象","鞘翅目","Q220","#0087af"
1319,"绿饰尺蛾","鳞翅目","L757","#0087d7"
1320,"横坑切稍小蠹","鞘翅目","Q221","#0087ff"
1321,"六尺小蠹","鞘翅目","Q222","#00af00"
1322,"甘薯茎螟","鳞翅目","L758","#00af5f"
1323,"紫褐肋野螟","鳞翅目","L759","#00af87"
1324,"云南四眼小蠹","鞘翅目","Q223","#00afaf"
1325,"南方四眼小蠹","鞘翅目","Q224","#00afd7"
1326,"短角幽天牛","鞘翅目","Q225","#00afff"
1327,"尼负葬甲","鞘翅目","Q226","#00d700"
1330,"T1","测试目","T1","#000000"
1331,"T2","测试目","T2","#000000"
1332,"T3","测试目","T3","#000000"
1333,"T4","测试目","T4","#000000"
1334,"T5","测试目","T5","#000000"
1335,"T6","测试目","T6","#000000"
1336,"T7","测试目","T7","#000000"
1337,"T8","测试目","T8","#000000"
1338,"T9","测试目","T9","#000000"
1339,"T10","测试目","T10","#000000"
1340,"T11","测试目","T11","#000000"
1341,"T12","测试目","T12","#000000"
1342,"T13","测试目","T13","#000000"
1343,"T14","测试目","T14","#000000"
1344,"T15","测试目","T15","#000000"
1345,"T16","测试目","T16","#000000"
1346,"T17","测试目","T17","#000000"
1347,"T18","测试目","T18","#000000"
1348,"T19","测试目","T19","#000000"
1349,"T20","测试目","T20","#000000"
1350,"T21","测试目","T21","#000000"
1351,"T22","测试目","T22","#000000"
1352,"T23","测试目","T23","#000000"
1353,"T24","测试目","T24","#000000"
1354,"T25","测试目","T25","#000000"
1355,"T26","测试目","T26","#000000"
1356,"T27","测试目","T27","#000000"
1357,"T28","测试目","T28","#000000"
1358,"T29","测试目","T29","#000000"
1359,"T30","测试目","T30","#000000"
1360,"T31","测试目","T31","#000000"
1361,"T32","测试目","T32","#000000"
1362,"T33","测试目","T33","#000000"
1363,"T34","测试目","T34","#000000"
1364,"T35","测试目","T35","#000000"
1365,"T36","测试目","T36","#000000"
1366,"T37","测试目","T37","#000000"
1367,"T38","测试目","T38","#000000"
1368,"T39","测试目","T39","#000000"
1369,"T40","测试目","T40","#000000"
1370,"T41","测试目","T41","#000000"
1371,"T42","测试目","T42","#000000"
1372,"T43","测试目","T43","#000000"
1373,"T44","测试目","T44","#000000"
1374,"T45","测试目","T45","#000000"
1375,"T46","测试目","T46","#000000"
1376,"T47","测试目","T47","#000000"
1377,"T48","测试目","T48","#000000"
1378,"T49","测试目","T49","#000000"
1379,"T50","测试目","T50","#000000"
1380,"T51","测试目","T51","#000000"
1381,"T52","测试目","T52","#000000"
1382,"T53","测试目","T53","#000000"
1383,"T54","测试目","T54","#000000"
1384,"T55","测试目","T55","#000000"
1385,"T56","测试目","T56","#000000"
1386,"T57","测试目","T57","#000000"
1387,"T58","测试目","T58","#000000"
1388,"T59","测试目","T59","#000000"
1389,"T60","测试目","T60","#000000"
1390,"T61","测试目","T61","#000000"
1391,"T62","测试目","T62","#000000"
1392,"T63","测试目","T63","#000000"
1393,"T64","测试目","T64","#000000"
1394,"T65","测试目","T65","#000000"
1395,"T66","测试目","T66","#000000"
1396,"T67","测试目","T67","#000000"
1397,"T68","测试目","T68","#000000"
1398,"T69","测试目","T69","#000000"
1399,"T70","测试目","T70","#000000"
1400,"T71","测试目","T71","#000000"
1401,"T72","测试目","T72","#000000"
1402,"T73","测试目","T73","#000000"
1403,"T74","测试目","T74","#000000"
1404,"T75","测试目","T75","#000000"
1405,"T76","测试目","T76","#000000"
1406,"T77","测试目","T77","#000000"
1407,"T78","测试目","T78","#000000"
1408,"T79","测试目","T79","#000000"
1409,"T80","测试目","T80","#000000"
